video_id,dataset_caption_len_words,reference_caption_len_words,bleu_4,meteor,rouge_l_f,reference_caption,error
37cc4fe62908ff291e7986fe7b073fff,126,134,0.1196,0.3858,0.3197,"The video shows a woman speaking directly to the camera against a plain black background, consistent across all four frames. She has shoulder-length dark hair and wears black-framed rectangular glasses and a light mint-green kurta with embroidered detailing along the neckline. A small lapel microphone is clipped to her top, and she wears a dark beaded necklace. Her expression and mouth position vary slightly across the frames, indicating she is mid-speech throughout the clip. In the earlier fram",
0c0f38fcfde73f554ba87666b7a0f370,123,144,0.0956,0.3551,0.3382,"The video shows a crafting workspace with a white wooden surface, where a person's hands are visible handling a large sheet of decorative paper featuring an autumn foliage pattern in shades of green, gold, and white. The person wears a white smartwatch or fitness band on their wrist. Across all frames, they are repositioning and smoothing the patterned paper on a cutting mat with grid lines, accompanied by a ruler and several stamping supplies including a black ink pad labeled ""MEMENTO"" and clea",
87f35f52d9383abb3842dd9ecc356094,127,143,0.0820,0.3137,0.2867,"The video showcases a gray Dodge Challenger muscle car being examined in what appears to be a sunny outdoor parking area surrounded by green trees. In the opening view, the full side profile of the gray Challenger is visible, revealing a hood scoop and stylish multi-spoke wheels. The front of the car is then shown up close, displaying circular headlights with red accent rings and the badge reading ""Challenger"" along with what appears to be ""SXT"" designation on the grille. Subsequently, a person'",
7a70181f69d9bc4c326d7bc4c4b5273b,130,136,0.0707,0.4209,0.2920,"The video shows a man seated at a podcast recording setup, speaking into a large condenser microphone while wearing over-ear headphones. He is dressed in a white dress shirt, tan suspenders, and a red patterned bow tie, and sports a dramatic tall gray mohawk-style wig that extends well above his head. He wears thin-framed glasses and has a small goatee. Behind him, the wall is covered with numerous framed photographs arranged in a grid pattern, along with what appears to be clothing and other st",
6f93ea66dceaf870ddb75fc044ebac54,127,138,0.1229,0.3303,0.3088,"The footage, captured in black-and-white night-vision by what appears to be an indoor security camera, shows a living room interior furnished with a large flat-screen television on a media console, bar-height stools, a tall dark vase, and decorative wall art. In the earliest moments, a shirtless, heavyset man wearing dark shorts and visible tattoos on his back moves briskly in front of the television. A second individual dressed in a dark top and light-colored pants with dark stripes is also pre",
4568b2da8351c56776b7afd531637b1a,128,120,0.0631,0.3698,0.2311,"The video shows an elderly man with white hair and a white beard, wearing glasses and dressed in a traditional Indian cream-colored kurta and Nehru jacket, speaking at a podium equipped with two microphones. He stands in front of an ornate green marble wall with geometric carved patterns, and a decorative pillar with gold accents and red flowers is visible behind him. The setting appears to be a formal governmental or ceremonial hall. Across the frames, the speaker's hand gestures change dynamic",
33a753338bc143f3de95b943c7b0edef,138,139,0.1327,0.3834,0.2807,"The video shows a person holding a graded sports trading card in a clear plastic slab, rotating and examining it under bright lighting inside what appears to be a sports card shop or streaming studio. In the background, shelves and boxes of trading cards are visible. The card itself has a dark, predominantly black design with purple accents and features the ""Topps"" logo along with text reading ""HR"" and ""HoH"" visible on the back. The graded slab has a label at the top. As the scene progresses, th",
2be781393a78530b8836253443d1196c,125,136,0.0623,0.3779,0.3019,"The video shows a single man seated in what appears to be a professional podcast or recording studio, with dark acoustic foam panels covering the wall behind him. He is wearing a white t-shirt that reads ""Stay Authentic"" and has a shaved head, a dark beard, and visible tattoos on his arm. He is wearing black over-ear headphones and is positioned in front of a large condenser microphone mounted on a shock-mount boom arm, with a microphone stand label that appears to read ""Your Podcasting"" or simi",
d19f5ced57c18761a2d2654b48a70a33,141,143,0.1183,0.3706,0.3310,"The video shows a crafting workspace with a white cutting mat marked with a grid, where a person's hands are visible working with white cardstock paper. The person wears a white Apple Watch on their left wrist and has manicured nails. In the background, green and yellow floral patterned paper, a brown wood-grain panel, a black ink pad, a red rubber stamp, and a teal container of what appears to be ""Stampin' Seal"" adhesive are visible. Across the frames, the person is cutting or tearing the white",
0f59fd722602d8daf87cbc60f2ee48fc,145,143,0.1552,0.4347,0.3810,"The video shows a panel discussion taking place on a stage with a dark backdrop featuring purple neon light accents and warm stage lighting along the floor. Three panelists are seated in wooden chairs arranged in a row: on the left, a young man with dark curly hair wearing a white button-up shirt; in the middle, a blonde woman wearing a black graphic t-shirt and dark pants; and on the right, an Asian man in a grey suit jacket with a light blue shirt. A white decorative object resembling a styliz",
0e90af261f4fce7d5eabd9d4f1e4d537,145,132,0.1899,0.4519,0.3140,"The footage shows a formal meeting room in what appears to be the Israeli Knesset, with Israeli flags visible in the background alongside Hebrew signage reading ""ישראל"" (Israel). Two men are seated at a conference table: one wearing a white dress shirt and another in a dark suit with a dark red tie. Name placards in Hebrew are visible on the table, along with glasses of water and a green bottle. Across the frames, both men shift slightly in their seats, adjusting their posture and glancing downw",
2ee2ee8f11fdc4e2fa4473f40fbabb2b,139,135,0.1419,0.4423,0.3571,"The video takes place in a podcast studio, where a young woman with braided hair pulled up is seated in front of a large microphone, wearing over-ear headphones and a dark green graphic t-shirt. Behind her is a banner reading ""BOSS TALK 101 — It's A Unique Hustle"" along with the words ""CAST"" and ""About It!"" visible in stylized text. A monitor displaying another person is mounted on the wall to her left. On-screen logos read ""BOSS TALK 101"" in the lower right corner, and a circular podcast logo a",
6d348f59ef8394dd491795c2b40bc3f6,114,134,0.1615,0.4187,0.3502,"The video takes place in a professional podcast or radio recording studio, identifiable by the acoustic foam paneling covering the wall in the background. A single man with a shaved head, dark beard, and tattoos on his arm sits in front of a condenser microphone mounted on a shock mount and boom arm, wearing over-ear headphones and a white t-shirt bearing the text ""Stay Authentic"" and ""MIND PUMP."" Throughout the clip, the man's expression shifts from a slight, relaxed smirk to a broader, more op",
74f48127364950eb5ec687664ac68513,123,133,0.1138,0.3578,0.2375,"The video takes place in what appears to be a podcast recording studio decorated with numerous framed photographs covering the walls, along with clothing items and merchandise visible in the background. A single man is seated at a microphone, wearing a white dress shirt, tan suspenders, and a red patterned bow tie. He has a distinctive tall, swept-up gray hairstyle and is wearing over-ear headphones and thin-framed glasses. He appears to be speaking animatedly into the large condenser microphone",
f7a6d4b5be891f73cede43bc969f2bee,132,123,0.0898,0.3734,0.2814,"The video shows a single man seated indoors against a backdrop featuring a decorative wooden panel or wall art with geometric and tribal-style patterns, alongside a light neutral-colored wall. He is wearing a dark navy button-up shirt and rectangular-framed glasses, with short dark hair. Throughout the clip, he appears to be speaking directly to the camera, as if recording a tutorial or commentary video. His expression and mouth position change subtly across the frames, indicating continuous spe",
0ccffc292d99955b860199ebf8138a6b,140,140,0.0342,0.3547,0.2630,"The video shows a man seated at a podcast recording setup, speaking into a large condenser microphone positioned in front of him. He wears a white dress shirt, a red patterned bow tie, tan suspenders, and wire-rimmed glasses, and has over-ear headphones resting around his neck. His most striking feature is a tall, dramatic gray-and-black sculptural hairstyle that rises well above his head. Behind him, the wall is densely covered with framed photographs and artwork, and a white mannequin torso is",
634d0fb7679f325805d53332cb24f536,127,130,0.1426,0.4318,0.3158,"The video shows a man sitting at a podcast recording setup, speaking into a large condenser microphone while wearing headphones over his ears. He has a dramatically tall, silver-gray hairstyle that extends well above his head, and he is dressed in a white button-down shirt with tan suspenders and a red patterned bow tie. He also wears thin-framed glasses. The background wall is densely covered with framed photographs and memorabilia, with what appears to be yellow-and-black signage partially vis",
d02c279a049b19bf0eb7c496073dc869,126,126,0.2295,0.4811,0.3609,"This video shows a series of lecture slides from a course on ""CRYOGENIC ENGINEERING"" presented by Prof. M D Atrey of the Department of Mechanical Engineering, IIT Bombay. The slides are titled ""Tutorial – 2"" and focus on calculating ""Work/unit mass of gas liquefied."" Each slide features a thermodynamic T-S diagram with labeled curves including ""T=const,"" ""h=const,"" and ""p=const,"" with numbered state points. As the video progresses, additional results are progressively revealed on the slides. Fir",
6e0dc9c33f2b7e47e266a7074fe3952c,140,141,0.1999,0.4327,0.3322,"The video takes place in a podcast studio set against a branded backdrop reading ""BOSS TALK 101"" and ""It's A Unique Hustle,"" along with the phrases ""PODCAST,"" ""lk About It!,"" and ""th U..."" A woman with dark braided hair styled up in a bun sits at a recording desk wearing a dark green graphic t-shirt and over-ear headphones. She speaks into a black condenser microphone mounted on an adjustable arm stand, with a dark tumbler cup visible nearby on the desk. A framed artwork or monitor displaying ha",
de79b86123d88b4182fda2253d33e01f,129,130,0.2305,0.4809,0.4045,"The video shows a news broadcast from Plus TV Africa's ""PLUS POLITICS"" program, set against a vivid red and purple studio backdrop. A male news anchor wearing a dark suit with a pocket square sits at the desk on the left side of the screen. On the right side of the screen, an on-screen graphic reads ""ON THE PHONE"" above a thumbnail image of a guest identified as ""OLUSOLA OYEKANMI, POLITICAL ANALYST"" located in ""LAGOS."" The lower third displays the headline ""NIGERIA NEEDS ME – BOLA TINUBU"" in bol",
897098765cbaaaddc5ff9a32106c2458,131,135,0.0347,0.4204,0.3669,"The video shows a man seated at a podcast microphone in what appears to be a hair salon or fashion studio. He has a dramatic tall gray-and-white mohawk hairstyle, wears wire-rimmed glasses, a white dress shirt, a floral bow tie, and gold suspenders, with over-ear headphones on. He speaks animatedly into a large black condenser microphone mounted on a stand. In the background, a person in a bright green outfit and a pink head covering is visible, along with wall posters — one reading ""UNIQUE"" in ",
02d19c87e5708eac24d44e3036d23a26,126,137,0.1261,0.3630,0.2996,"The video shows a middle-aged man with a salt-and-pepper beard delivering a speech at what appears to be a formal event or rally. He is dressed in a white short-sleeved button-up shirt and wears a gold bracelet on his wrist. He holds a handheld microphone in his right hand and gestures expressively with his left hand throughout the clip, with his hand positions changing across the frames as he speaks. Behind him is a bright yellow banner with text written in Tamil script, with partially visible ",
4f4b58e3e79881ecff1b165ae43ea119,129,144,0.0818,0.3528,0.3188,"The video shows a close-up view of what appears to be the interior dashboard or door panel of a vehicle, likely an older model car. The surface is dark gray or black leather or vinyl material, visibly worn and scratched. Prominently featured is a small metallic latch or lock mechanism — a rectangular clip-style fastener — mounted on the panel. Below the latch is a ventilation grille with a grid pattern of rectangular openings, and a slim rectangular slot or button is visible just above it. The b",
d1e02143cf38b3e4a6883e8a7b520528,120,129,0.1689,0.3853,0.3622,"The video shows the rear end of a white Chevrolet Corvette parked on a grassy or dirt surface outdoors. The car's hatch or rear cargo lid is visibly open throughout, revealing an orange/tan interior lining underneath. The rear of the vehicle prominently displays the ""CORVETTE"" badge in chrome lettering, along with a red ""CORVETTE"" emblem above it. The Florida license plate reads ""192 WTR"" with ""SUNSHINE STATE"" printed below and decorative orange/fruit graphics on the plate. The rear taillights g",
a9132ded41512938ed81393f6a5c0883,129,140,0.1111,0.3733,0.2545,"The video is set in a podcast or radio recording studio, recognizable by the acoustic foam panels lining the wall in the background. A single man is visible throughout the clip, seated in front of a condenser microphone mounted on a shock-mount boom arm. He is wearing a white t-shirt — in the later frames the text ""Stay Athletic"" becomes legible on the chest — and has over-ear headphones resting on his head. He has a beard and appears to be bald or closely shaved on top. Across the frames, he is",
8941c23542e82cef0325718c31c0b59e,129,128,0.1204,0.3999,0.2977,"The video shows a young child, appearing to be a toddler, navigating the entrance of a modest mud-brick dwelling. The walls are constructed of reddish-brown clay or adobe material, and a bright yellow fabric curtain with white circular dot patterns serves as a door covering, hanging from a wooden doorframe. The child is wearing a red and white horizontal striped shirt and dark pants. Across the sequence of moments, the child is seen crouching low and maneuvering through the doorway, stepping ove",
4d34c4c71b3ccf354c11cce0b2a89826,136,126,0.0739,0.4103,0.3485,"The video shows a man seated at a podcast recording desk, wearing a dark green ""BOSS TALK"" sweatshirt, a white trucker cap with a mesh back, and over-ear headphones resting around his neck. He is speaking into a large condenser microphone mounted on a stand, with a tablet or small screen visible beside it and a branded tumbler cup on the desk. Behind him, a banner reads ""UNIQUE HUSTLE"" with yellow and black stars, and a blue sign reads ""Where BOSSES Talk!"" A logo watermark reading ""BOSS TALK 101",
6b89f41bacdad5cdd5683aa6f0b13694,132,147,0.1084,0.3385,0.2768,"The video shows a close-up inspection of the interior engine bay and door jamb area of what appears to be a military-style or heavy-duty vehicle, likely a Humvee or similar utility truck. The vehicle's unpainted dark metal surfaces show signs of wear and weathering. In the first two frames, the camera focuses on the firewall and door hinge area, revealing a rectangular white under-hood light or label mounted on the interior panel, along with visible bolts and metal brackets. The final two frames",
a76388f94fcf7b1a82230da5fdf2101c,133,140,0.2394,0.4696,0.4158,"The video shows a middle-aged man with grey-streaked hair, glasses, a short beard, and a black jacket with white trim, speaking directly to someone off-camera in what appears to be a workshop or storage space, with wooden panels, tools, and a ladder visible in the background. Across the frames, the man gestures expressively with his right hand — first holding a finger near his nose, then raising his index finger upward as if making a point, and finally lowering his hand while continuing to speak",
338a4b591ae29980054e0e2a6001201c,121,135,0.1040,0.4111,0.2879,"The video shows a man seated at a studio interview desk at the ""Big Data SV 2015"" event, hosted by ""theCUBE."" The backdrop is a white step-and-repeat banner featuring the ""#BigDataSV"" hashtag, ""BigDataSV 2015,"" and ""theCUBE"" logos in blue. The man is wearing a dark blazer over a light green collared shirt. A lower-third banner identifies him as ""JOHN FURRIER | @furrier,"" with the titles ""Founder"" and ""SiliconANGLE"" beneath his name. A laptop and a water bottle are visible on the desk in front of",
2e800d7194a9adfc1b13997a9295c52b,137,127,0.1389,0.4563,0.3004,"The video shows a man seated at a podcast recording setup, speaking into a large condenser microphone on a stand. He is wearing a dark green t-shirt that reads ""YON NEVER DO SHIT AT WORK"" and a matching dark green baseball cap, along with black over-ear headphones. The setting appears to be inside a clothing store or boutique, with racks of garments, white mannequins, and a wall densely covered in framed photographs visible in the background. A logo in the bottom-left corner reads ""TNT PODCAST,""",
bc5c5798d93d0c76c0ccb5dda1a33990,133,137,0.1356,0.4803,0.3723,"The video shows a virtual video conference call with four participants displayed in a gallery view layout. The participants are identified by on-screen name labels as ""Jerry Michalski,"" ""Howard Silverman,"" ""Gene Bellinger,"" and ""Nada T."" Jerry, an older man wearing glasses and a plaid shirt, is seated in a blue chair. Howard, also older with a beard, wears a gray t-shirt and is seated against a backdrop of trees and bright outdoor light. Gene wears a blue shirt, a dark cap, and over-ear headphon",
3062116cb4f43bb7699ed6115a1c7c04,136,137,0.2187,0.5159,0.4483,"The video shows a split-screen television broadcast from ""Plus TV Africa,"" featuring a news program called ""PLUS POLITICS."" On the left side of each frame, a male news anchor sits at a desk wearing a dark navy suit with a red tie and pocket square, and glasses. On the right side, a second man wearing a traditional red cap and a purple patterned African print shirt appears to be joining remotely via video call. The remote guest's expressions and mouth movements change across the frames, suggestin",
b2237a6cd490ed9eeed00c4c0a5b5649,119,131,0.0840,0.3402,0.3502,"The video shows a woman speaking directly to the camera against a plain dark background. She has shoulder-length dark hair and wears black-framed rectangular glasses, a light mint-green long-sleeved kurta with embroidered detailing along the neckline and collar, and a black beaded necklace. A small clip-on microphone is attached near the neckline of her garment. Across all four moments, her facial expression and mouth position shift subtly, indicating she is speaking continuously. Her posture re",
aacd177774e8c0068b88804652834fef,137,132,0.1663,0.4242,0.3028,"The video shows an educational lecture slide from a course on ""CRYOGENIC ENGINEERING"" presented by Prof. M D Atrey, Department of Mechanical Engineering, IIT Bombay, focused on ""Tutorial – 2"" covering the topic of liquid yield. No people are visible; the content consists entirely of slides. The slide displays the liquid yield formula y = (h₁ − h₂)/(h₁ − hf) alongside a thermodynamic T-s diagram and a data table listing properties at states 1, 2, and f: pressures (1.013, 202.6, 1.013 bar), temper",
834574126c393f332883b945789ed135,144,142,0.0652,0.3810,0.2603,"The video is set in what appears to be a community meeting room or small lecture hall, with red walls, venetian blinds on the windows, a speaker cabinet on the left, and audio equipment visible in the background. A person with gray hair, wearing a blue plaid shirt, stands at a wooden podium at the front of the room, apparently presenting or speaking to an audience. Several audience members are visible from behind, including individuals with dark and light gray hair, one wearing a blue vest. The ",
1579477cdd54b5abc93c7ef31a675183,147,131,0.1340,0.3855,0.3559,"The video shows a single man seated at a podcast recording desk, speaking and gesturing throughout the clip. He is wearing a dark hoodie with ""BOSS"" printed on the chest in gold lettering, a white trucker-style cap, over-ear headphones, and a gold watch. A professional condenser microphone on a stand is positioned in front of him. Behind him is a banner reading ""UNIQUE HUSTLE"" with gold and black stars, and a blue sign reading *""Where BOSSES Talk!""* is visible on the wall. A branded tumbler cup ",
e2f4130bc916a8cbaec51892275627b9,132,141,0.1193,0.4187,0.2744,"The video is recorded at the ""BOSS TALK 101 PODCAST"" studio, as indicated by the logo watermark visible in each corner of the frames. A single man is seated at a podcasting setup, speaking into a large condenser microphone on a stand. He is wearing a black baseball cap with a logo, over-ear headphones in gray and blue, a black t-shirt reading ""CHECK IT"" and what appears to be ""MAN,"" a gold chain necklace, and a gold bracelet. Behind him is a banner featuring stars in black and gold and the repea",
3e36dd3b94e447ca2ec1cd87fde6c8b9,132,151,0.1052,0.3387,0.2671,"The video shows a busy urban street scene filmed from a moving vehicle driving along a city boulevard lined with tall, bare-branched trees and a multi-story sandy-colored brick apartment or mixed-use building with green-accented windows and garage doors. Multiple cars travel in both directions along the wide road, including a dark SUV, a gray sedan, a green sedan, and a white car visible in the foreground lanes, with additional vehicles stretching into the distance. A motorcycle is visible near ",
bb605e9e9e516e60519e7fdfa750f317,127,143,0.0240,0.3337,0.2581,"The video shows a person seated at a podcast recording setup, wearing a white dress shirt with gold suspenders and a red patterned bow tie, along with large black over-ear headphones and clear-framed glasses. Their hair is styled in a tall, dramatic silver-gray updo. They are speaking into a large black condenser microphone mounted on a stand. The setting appears to be an indoor studio or retail space, with a sign reading ""UNIQUE FASHIONS"" visible in the background, along with a black poster fea",
27eccdbe2c6fd6519842c2e9cb022c58,133,143,0.0522,0.2948,0.2714,"The video shows a dark, digital motion graphics sequence set against a deep purple-black background filled with scattered glowing particles, small squares, and faint grid lines suggesting a futuristic or cyber-themed environment. In the opening moments, a brilliant white-red starburst explosion radiates outward from the center, sending bright crimson beams diagonally across the frame with intense lens flare. The burst then begins to contract, transitioning into a more concentrated cluster of whi",
90f0b2d5f57352c9d919a72e85171381,120,135,0.0880,0.3171,0.3000,"The video takes place inside an indoor basketball gymnasium featuring a polished hardwood court with yellow and green markings, blue-painted bleachers along the wall, and basketball hoops at both ends. In the first two frames, a person wearing a pink tank top and dark shorts is seen dribbling and driving toward the basket, with the basketball visible mid-air in the second frame after what appears to be a shot or pass. In the final two frames, a different man — also wearing a pink tank top with s",
b35ae07da479c133785b4c541a5538c8,136,138,0.1250,0.3608,0.2518,"The video shows a man performing a wushu (Chinese martial arts) routine in what appears to be a large hotel ballroom or convention center. The performer wears a blue martial arts uniform and wields a long staff or spear with a red tassel attached to one end. The setting features ornate chandeliers, warm golden lighting, tan-colored pillars, and a blue carpeted performance floor. A large seated audience lines the perimeter of the room, dressed in formal and semi-formal attire, watching from chair",
5fe09870c55309d613037ce318bff133,123,138,0.1406,0.4094,0.2879,"The video shows a screen recording of a web browser displaying what appears to be a presentation or interactive media platform with a predominantly black background. In the upper-right corner of each frame, a small video thumbnail is visible showing a person wearing headphones and a dark shirt, labeled ""Gene Bellinger."" The browser has multiple tabs open, including ones labeled ""Future of Society,"" ""Insights - Introduction,"" ""Rural Community Food Syst,"" and others. In green text near the upper-l",
239d8dfa9041f50aff9b6d2a964047e5,135,130,0.1075,0.3867,0.2628,"The video takes place in what appears to be a podcast studio decorated with numerous framed photographs covering the wall behind the host. A man wearing a striking tall gray-and-white novelty wig, wire-rimmed glasses, a white dress shirt with tan suspenders, and a red patterned bow tie sits in front of a large condenser microphone while wearing over-ear headphones. Across the frames, he shifts his gaze and gestures with his right hand as he speaks, suggesting an animated conversation. The on-scr",
1695b12bc71dd4d01e62c34f0be8f756,131,134,0.0330,0.3492,0.2132,"The video takes place in a professional podcast or recording studio, identifiable by the dark acoustic foam panels covering the wall in the background. A single man is seated at a microphone setup, speaking or performing into a large condenser microphone mounted on a shock mount and boom arm — the microphone appears to be a **Recordinghoo Model 202A** (partially legible text on the arm). He is wearing a grey short-sleeve t-shirt, over-ear black headphones, and a grey snapback cap featuring a log",
720b0cc7bfebd09ab2f2f99241634486,121,143,0.0654,0.3133,0.2804,"The video shows a man performing at an indoor venue, standing at a microphone on a stand angled toward him. He is wearing a white long-sleeve shirt, a black embroidered vest, and a red and black beaded necklace, and he has dark hair pulled back and wears glasses. He is holding an acoustic guitar with a yellow-toned body. Behind him are horizontal wooden blinds covering windows, with green-painted structural columns visible. Several audience members are seated in the foreground with their backs t",
8ee8c5969c25f36516ed21e0f843af7a,119,139,0.1466,0.3746,0.3154,"The video shows a close-up portrait of a woman named Consolata, filmed against a softly blurred warm, earthy-toned background that appears to be a brick or stone wall. She is wearing a dark navy blue jacket and small gold stud earrings. Her face fills nearly the entire frame, and across the four moments captured, her expression shifts subtly — she appears to smile gently, then closes her eyes briefly in what looks like a reflective or emotional moment, before opening them again with a composed e",
285fa01bc0d45324d12f1a7c179b8f46,111,137,0.1396,0.3212,0.3113,"The video shows a man named ""Ashish Raichur,"" as indicated by the on-screen text label visible in all four frames, participating in what appears to be a video call or online session. He is seated against a plain light gray background, wearing a light blue button-up shirt and large over-ear headphones with an attached microphone. In the first frame, he holds his right hand over his face in a gesture suggesting frustration or thought. In the second frame, he raises both hands open with palms facin",
7506085d9dc56c2e992f88b677e69b49,122,138,0.0760,0.3267,0.2985,"The video captures a surfer riding an enormous, powerful ocean wave, likely at a big-wave surf location such as Jaws (Pe'ahi) in Hawaii or a similar world-class break. The wave is a massive, dark teal-green barrel, with thick white water cascading heavily from its lip, creating a dramatic curtain of spray. The surfer, visible as a small dark silhouette near the base of the wave, is crouched low on a surfboard, navigating across the face of the towering wall of water. Across the four frames, the ",
32e00fde9cfece3a2af7e1fe46cfbc44,131,141,0.0771,0.3087,0.2553,"The video shows a close-up of a person's hands handling what appears to be a trading card or sealed card pack against a dark surface decorated with red and black branding. In the smaller picture-in-picture inset visible in each frame, a man wearing a black shirt sits at a table surrounded by what appears to be stacks of trading card products in a shop or storage environment. The main camera is positioned extremely close to the hands, making them fill most of the frame, while the hands appear to ",
bc7e10e3271aac059b333ee1eef1aebd,142,143,0.0882,0.3252,0.2718,"The video shows a martial arts performance taking place in a large, elegantly decorated banquet hall with ornate chandeliers, warm wall lighting, and tan/beige columns. A seated audience fills the background at tables with red tablecloths. The performer wears a blue martial arts uniform and demonstrates a weapon form — appearing to wield a long staff or spear — across the sequence of moments. In the earlier portion of the clip, the performer is captured in a dynamic lunging stance with the weapo",
894fdb5e2b6f14fc32268984d35c22fd,117,134,0.0824,0.3386,0.2471,"The video shows the interior of what appears to be the Indian Parliament's new Lok Sabha chamber, featuring tiered wooden benches arranged in a semicircular layout with a teal-green carpet. The chamber is filled with numerous members of parliament seated in rows, many dressed in traditional Indian attire including white kurtas, saffron-colored garments, and orange turbans or headgear. In the foreground, a person wearing a pink outfit stands at a podium or lectern, appearing to address the assemb",
e04cd82a000236084e9bf42764f21213,130,146,0.1843,0.4246,0.2857,"The video takes place in a podcast studio decorated with a white banner reading ""BOSS TALK 101"" in large red and black letters, alongside a blue sign that reads ""Where BOSSES Talk!"" and a repeated yellow star pattern with the text ""UNIQUE HUSTLE"" on the backdrop. A man wearing a white baseball cap, black over-ear headphones, a dark hoodie with ""BOSS TALK"" printed on it in gold lettering, a gold chain necklace, and a gold watch sits behind a desk-mounted microphone. He holds a small card or paper",
b4bf8b19dafd0269fc141683c7f967b7,141,134,0.1331,0.4399,0.3403,"The video shows a male news anchor presenting a political segment on a television broadcast set. He is wearing a dark navy suit jacket, a burgundy/maroon tie, and a matching pocket square, along with black-framed glasses. He is seated or standing in front of a stylized studio backdrop featuring a teal and blue world map design with red accents. A circular graphic logo reading ""PLUS POLITICS"" in bold white text is prominently displayed behind him. The lower third of the screen shows a chyron read",
50caa0f5598bbac9bd1b0a4b2dad07c2,121,131,0.0200,0.2928,0.2335,"The video shows a man seated at a podcast recording setup, speaking into a large condenser microphone. He is wearing a white dress shirt, tan suspenders, a red patterned bow tie, and over-ear headphones. Most strikingly, he is wearing an elaborate tall gray wig that rises dramatically upward. Behind him, the wall is densely covered with framed photographs. Across all four frames, the man appears to be talking, with subtle changes in his facial expression and head position as the clip progresses.",
b74ce153d6d10ba278c238b60a6ad963,140,132,0.1239,0.4371,0.2734,"The video shows a person unboxing a **2020 Topps ""Clearly Authentic""** baseball card product at a table branded with the text **""JASPYS CASEBREAKS""** in large orange and white lettering. The person, visible in a small picture-in-picture thumbnail in the corner of each frame, is wearing a white cap and a dark t-shirt. Their hands are seen holding and manipulating a dark blue box labeled **""CLEARLY AUTHENTIC""** and **""2020,""** with clear acetate card packaging visible on top. Across the frames, th",
b0a112908f464aa96fd88f2eef4b8f44,136,151,0.1069,0.3908,0.3072,"The video is recorded in a podcast studio setting, featuring a woman wearing a black t-shirt with a graphic logo, over-ear headphones, and a black headband holding her hair up in a loose bun with lighter-colored highlights. She is seated in front of a large microphone and appears to be speaking or listening, with her right hand raised near her chin in a thoughtful pose. She smiles gently throughout the clip. Behind her, a mounted television displays the text ""Johnson"" in red letters on a light b",
687cac31b3cfc93a85073bfdd7daf176,132,142,0.1524,0.3794,0.3345,"The video shows a person wearing blue bootcut jeans and light-colored shoes standing behind a large blue road case or equipment flight case with silver aluminum edging, latches, and handles. The case sits on small caster wheels on a light-colored tiled floor, and the background features an exposed brick wall. The person appears to be pushing or maneuvering the case, with their body shifting position across the frames — moving from slightly to the left of the case toward the right side as the seq",
8476509d2dd08e045af0c5eaea7546d0,134,134,0.0732,0.3230,0.2622,"The video alternates between two distinct scenes. In the upper portion, animated characters from *The Simpsons* are shown behind prison bars — Homer Simpson in a white shirt stands alongside two police officers wearing dark blue uniforms and caps with gold badges. In the first shot, one officer appears to be speaking or gesturing near his mouth, while Homer looks on; in the second shot, the characters' expressions shift slightly, with the officers appearing more stern. The lower portion of the v",
247db7efc74ac61b6a4621dccc6a7148,130,133,0.1023,0.3950,0.3071,"The video shows a man recording a podcast in a studio decorated with numerous framed photographs covering the wall behind him. He is wearing a white dress shirt with tan suspenders and a red patterned bow tie, along with glasses and over-ear headphones connected to a cable. Most strikingly, he is wearing a tall gray and white novelty wig that extends dramatically upward. A large black condenser microphone on a stand is positioned in front of him. Across all frames, he appears to be speaking and ",
5566f70e46cbd6731286d8642a457241,135,132,0.0937,0.3804,0.2444,"A man is seated at a podcast recording desk, speaking into a professional microphone. He is wearing a dark hoodie with ""BOSS TALK"" written on it in gold lettering, a white trucker-style baseball cap, over-ear headphones, and a gold chain necklace. Across the four moments captured, his head turns slightly and his expression shifts as he speaks, at one point resting his hand near his chin in a contemplative pose. The backdrop features a banner reading ""BOSS TALK 101"" in large red and black letters",
7a6d3ea2c2299c4f2ae4e67f7011d046,132,133,0.1561,0.4700,0.3212,"The video shows a single man seated at a podcast recording setup, speaking into a condenser microphone mounted on a stand. He is wearing a black baseball cap, black over-ear headphones, a black t-shirt reading ""CHECK IT!"" with a checkmark, and gold chain necklaces including what appears to be a Texas-shaped pendant. The setting is a studio decorated with a bold red sign reading ""BOSS TALK 101"" on the back wall, alongside a banner displaying stars and the repeated text ""GRINDOUT HUSTLE."" A circul",
5144ea0275ae792b425fecf612e0e0a3,146,155,0.2276,0.4495,0.4224,"The video shows a screen recording of a web browser displaying a page titled ""Rural Community Food System"" with an ""Introduction"" section visible on the left side of the screen. The introductory text reads ""What constitutes a sustainable localised food system for a rural community? Source as local as possible from locally owned and operated to benefit the community."" The page also contains ""Session Videos"" and ""References"" sections, with a list of hyperlinked dates visible. On the right side of ",
e420eae8e65c35e599ddf3887bcae01f,135,130,0.1387,0.3385,0.2637,"The video shows a gaming interface for what appears to be a sports video game, displaying an ""UNOPENED PACKS"" screen with various pack types visible, including ""LOVELY PRESENT,"" ""BLITZ PRESENT,"" ""KRAMPUS LOGIN PACK,"" and ""SMALL PRESENT,"" with quantities noted such as ""x6,"" ""x1,"" and ""x4."" The currency display shows ""173,037,"" ""14,600,"" and ""2,343,543"" along with ""LVL 19"" and ""90."" A young man wearing a dark blue hoodie is visible in a webcam overlay in the bottom-left corner of the screen, posit",
bbf408c2d1f8954013a0f94627934303,145,134,0.1673,0.4437,0.4155,"The video takes place in a podcast studio setting, where a man sits in front of a microphone wearing a black t-shirt that reads ""CHECK IT!"" and a black baseball cap, with over-ear headphones around his neck. He wears a gold chain necklace and a bracelet on his wrist. Throughout the clip, he is speaking and gesturing with his right fist raised, his expression animated and engaged. Behind him, a banner displays ""BOSS TALK 101"" in large red letters, alongside a white banner reading ""GRIND HUSTLE"" w",
85ce3f8a52e67d97008cee3514091ec9,131,138,0.1330,0.3971,0.3247,"A person wearing a dark green and black plaid flannel shirt is shown from the chest down, standing in what appears to be a kitchen or restaurant setting with warm ambient lighting and white cabinetry visible in the background. The individual is holding a white ceramic or matte-finished bottle in one hand while tilting a dark glass wine bottle — fitted with a gold foil capsule and a partially visible label with printed text — toward it, pouring liquid from the wine bottle into the white bottle. A",
6d9ffef444f0adff1fb19dde2c5b0148,123,137,0.1203,0.4202,0.4195,"The video is set on a dirt path surrounded by lush tropical vegetation, including banana trees and dense green undergrowth, suggesting a rural African setting. A woman wearing a bright green dress is bent forward, interacting closely with a young child dressed in a striped shirt and khaki shorts. The woman appears to be examining or touching the child's face or head with her hand. A second child wearing a dark jacket stands nearby on the path, and in the background another figure can be seen wal",
a165fc99717e8be37d06e2ee0dd01117,151,140,0.0920,0.3298,0.2886,"The video shows a Madden NFL video game being played, with the action taking place on a virtual football field featuring the Washington Commanders' stadium, visible from the red ""COMMANDERS"" signage along the sideline. The HUD displays ""1st & 10,"" a score of 6-0 (UUS vs. EXO with the Atlanta Falcons logo visible), and a game clock counting down from ""0:18"" to ""0:17"" with ""43"" on the play clock. A picture-in-picture webcam feed in the lower-left corner shows a young man wearing a dark shirt and g",
1c49a0b976cda7f9da5ef7ae6188b5ed,155,137,0.3470,0.5195,0.3348,"The video shows a man wearing a black shirt and a checkered scarf being interviewed outdoors at what appears to be an evening political event, with trees and ambient lighting visible in the background. He is speaking into an ANI microphone logo visible on screen. The broadcast displays Hindi-language news chyrons and political graphics throughout. The top banner reads ""2024 में JDU के साथ 'खेला' होगा"" and later includes a question mark variant. Small portrait thumbnails of politicians labeled ""म",
72cdaffd743f6e979c1f7262e712c28d,141,146,0.1307,0.3960,0.2699,"The video takes place in a podcast studio branded with the text ""BOSS TALK 101"" and the tagline ""Where BOSSES Talk!"" displayed on banners in the background, along with repeated ""UNCLE HUSTLE"" text and star decorations. A heavyset man sits at a table behind a professional microphone on an adjustable arm, wearing a dark green hoodie with ""BOSS TAK"" visible in gold lettering, a white baseball cap worn backwards, over-ear headphones, a gold chain necklace, and a gold watch. He holds what appears to ",
0f94b42beb1a3f090a8319d283a50e60,146,144,0.1188,0.3631,0.2617,"The video is set in a podcast studio with a branded backdrop reading ""BOSS TALK 101"" and ""It's A Unique Hustle"" along with the words ""CAST,"" ""About It!,"" and partial text ""U."" A young woman with dark curly hair pulled up in a bun sits at a desk wearing a dark green graphic t-shirt and over-ear headphones, positioned in front of a studio microphone. A monitor or tablet is visible to her left, along with a dark cup on the desk. A framed image hangs on the white wall behind her. Two on-screen water",
9c6230d457eb73d526fafcc337a00c99,126,132,0.1161,0.3632,0.3712,"The video shows a man seated at a podcast recording setup, speaking into a large black condenser microphone while wearing over-ear headphones. He is dressed in a white dress shirt with gold suspenders and a red patterned bow tie, and he wears thin-framed glasses. His most striking feature is an extremely tall, dramatic silver and black styled hairdo that towers well above his head. The background is densely covered with framed photographs and memorabilia, and a mannequin torso is visible to his ",
c72790c70a8b893f4b5fdc3ab60510b3,131,131,0.1670,0.3942,0.2799,"The footage is from a residential backyard at night, captured by a security camera labeled ""Cam 04."" The timestamps read ""05-13-2022 11:33:34PM,"" ""05-13-2022 11:33:41PM,"" ""05-13-2022 11:33:47PM,"" and ""05-13-2022 11:33:53PM,"" spanning roughly 19 seconds. The scene is rendered in black-and-white night vision and shows an outdoor area with a wooden ladder, a bench or table, decorative white fence posts, a large bucket or container, and an exterior light mounted near the right side that illuminates ",
84c30afd4a7870cd0cae36fbaf103e71,129,144,0.1303,0.4179,0.3571,"The video shows a man performing indoors in front of a seated audience, with horizontal wooden blinds covering the windows behind him. He is wearing a white long-sleeve shirt, a black embroidered vest, and a red beaded necklace, and he has dark hair pulled back, with glasses. He is playing an acoustic guitar and singing into a microphone on a stand positioned in front of him. A music stand with papers is visible to his right. In the foreground, the backs of several audience members' heads are vi",
21ee864008cc234b6113bb647026717a,147,148,0.2132,0.4866,0.3612,"The video captures a legislative committee meeting recorded on April 12, 2019, as indicated by the on-screen text overlaid on all four frames: ""April 12, 2019 / House Committee on General, Housing, and Military Affairs / S.23 Increasing the Minimum Wage,"" with the ORCA logo displayed in the lower left of each frame. The setting is a conference or hearing room with a long table cluttered with laptops, papers, bottles, and various office supplies. In the earlier frames, two men in dark suits are v",
696b2d5c3d7d817003a3b4039dac0930,164,128,0.2240,0.4431,0.3373,"The footage shows a news broadcast from what appears to be an Indian television channel, capturing a political event featuring **Nitish Kumar**, identified on screen as **""CM, Bihar""**. He is seen wearing a dark suit and glasses, surrounded by several other politicians and officials in formal attire. On the left side of the screen, portrait thumbnails identify **""डिप्टी CM""** figures including **""सम्राट चौधरी""** and **""विजय सिन्हा""**, while on the right side under **""मंत्री""** are **""डॉ. प्रेम क",
9c0773f57eb7da1a174193f179ef0040,141,134,0.1647,0.4218,0.3110,"The video takes place in a podcast studio against a branded backdrop reading ""BOSS TALK 101,"" ""It's A Unique Hustle,"" ""PODCAST,"" and ""Talk About It!"" A young woman with long braided hair pulled up loosely wears a dark green long-sleeve shirt featuring a red circular graphic. She is seated at a desk in front of a black condenser microphone on a boom arm and wears over-ear headphones. A small black cup sits on the desk beside her. On the wall behind her hangs a monitor displaying another person. S",
6a2ec63f6a8a0cd131705f57d7f4b3bb,136,143,0.0765,0.3615,0.2276,"The video is recorded in what appears to be a clothing boutique or retail store, with framed photographs covering the white wall in the background, clothing racks with colorful garments, and white mannequins visible. A man wearing a dark green baseball cap, matching dark green t-shirt with the partially legible text ""YOU NEVER SH_ AT W_"" printed on it, and over-ear headphones sits in front of a podcast microphone with a foam windscreen. He is laughing and smiling broadly throughout the clip, occ",
f4f1c5c2ddc33780954d5d1c73dcef79,135,147,0.0668,0.3287,0.3194,"The scene takes place in what appears to be a hospital or clinical simulation setting. A person wearing a white patterned hospital gown featuring moons and stars is seated, holding a small pink-swaddled bundle — likely a simulated newborn — in their lap. The patient has visible tattoos on their forearms and is holding a pen and paper document in the top frames. A second person with lighter skin and a gold bracelet reaches toward the patient, and across the frames, a blue pen is exchanged or hand",
c4ba463616f99bce57922f19a96487a7,118,131,0.1390,0.3960,0.3502,"The video shows a young woman seated at a podcast recording setup, wearing a black t-shirt with a circular logo and over-ear headphones with a headband. Her hair is styled in an updo with highlights. She is positioned in front of a large microphone on a stand and is smiling and speaking throughout the clip. Behind her, a television monitor displays the text ""Johnson"" in large red letters against a light blue background, and a sign on a dark door reads ""Employees Only."" A yellow vertical stripe i",
e2a30ea5c6b50d54e868043293f7f092,134,142,0.0221,0.3357,0.2714,"The video shows a man seated and speaking into a large black microphone during what appears to be a podcast recording session. He is wearing a white dress shirt with tan suspenders and a red patterned bow tie, along with small rectangular glasses and black over-ear headphones. Most strikingly, he is wearing a tall, dramatic silver-gray wig that extends high above his head. The background wall is densely covered with framed photographs and memorabilia, with what appears to be a white mannequin to",
4736e39a5922ec099517dc1246d03494,142,142,0.3730,0.5824,0.5223,"The video shows a gaming livestream or video recording displayed on a purple-themed interface, with a picture-in-picture webcam feed of a young man wearing white headphones and a dark shirt, seated in front of a wall with framed pictures and a Christmas tree with colored lights visible in the background. The on-screen text repeatedly displays card details reading ""Team Name: Saints | College: BYU | Acquired: 12/29/2022 | Source: Pack opening"" along with a ""DESCRIPTION"" section stating ""MUT 23 Ze",
8363b1dbaf1b71d69363459b36e8c588,141,147,0.0840,0.3165,0.2770,"The video shows a screen recording of what appears to be an online collaborative mapping or systems-thinking tool, displayed in a web browser with multiple tabs open. The interface features a dark background with an interconnected network diagram composed of circular avatar icons linked by curved blue lines, resembling a mind map or systems diagram. In the upper-right corner of each view, a webcam feed shows a man wearing headphones and a dark shirt, identified by an on-screen label reading ""Gen",
456c505504c0093293b895fa1a4e96fd,135,139,0.1273,0.4543,0.3416,"The video shows a person sitting in what appears to be a home setting decorated with Christmas lights, wearing a dark t-shirt and glasses, streaming a gameplay session of Madden Ultimate Team on what appears to be a gaming console or PC. The game interface displays ""ULTIMATE TEAM"" at the top with currency values showing ""173,037,"" ""14,600,"" and ""2,343,543,"" along with a level indicator of ""19."" In the early frames, the game shows a ""CLAIM YOUR CHAMPIONS"" promotion and a ""Nickelodeon NVP"" feature",
7b33eb1206c358c0b47f875060a9ade6,126,139,0.0293,0.3865,0.2602,"The video shows a man seated at a podcast recording desk, speaking into a professional condenser microphone mounted on a desk arm. He is wearing a dark green sweatshirt with ""BOSS"" written on it in gold lettering, a white trucker-style cap, and over-ear headphones resting around his neck. A gold pendant necklace is visible. Across the frames, the man shifts his gaze and adjusts his speaking posture slightly, appearing engaged in conversation. The background features a banner reading ""UNCLE HUSTL",
824f26546738dd01fb8fec3180fdf46d,138,137,0.1554,0.4278,0.3333,"The video is recorded in what appears to be a clothing boutique or retail store, with mannequins, clothing racks, and numerous framed photographs covering the walls in the background. A man wearing a dark green T-shirt printed with the text ""YOU NEVER DO SHIT,"" a matching green baseball cap worn backward, and over-ear headphones sits in front of a condenser microphone mounted on a stand, appearing to be recording a podcast. He speaks and subtly shifts his expression and head position across the ",
d49f86bbccf884bedb83d5493c0de0e2,125,136,0.0773,0.2939,0.2803,"The video shows a podcast or studio recording session set against a backdrop of acoustic foam paneling. A man wearing headphones and a dark jacket sits in front of a microphone on a boom arm, appearing to speak or react during the recording. In the center-right portion of each frame, a smaller inset image is visible showing a muscular, shirtless man with a broad smile, wearing red shorts, his physique appearing oiled and highly defined, suggesting a bodybuilding context. The inset image appears ",
c669378ae3cb1d981e6668550c39fa5b,141,132,0.1804,0.3420,0.3357,"The video shows a close-up view of a vehicle's instrument cluster, shot from the driver's perspective through the steering wheel. The dashboard displays several gauges and warning indicators, with the steering wheel's dark curved rim visible in the foreground. Legible text on the panel reads ""UNLEADED FUEL ONLY"" at the top. The cluster includes multiple analog gauges labeled with values such as ""80,"" ""100,"" ""280,"" ""260,"" and ""8,"" along with indicators marked ""OIL PRESS PSI"" and ""OIL TEMP."" A red",
b38112731767a9319648031617bc753a,129,147,0.1287,0.3274,0.2230,"The video is a screen recording of an online educational presentation hosted by the ""UCAR CENTER FOR SCIENCE EDUCATION,"" as shown by the watermark logo in each frame's upper-left corner. The main camera angle shows an overhead view of a wooden countertop featuring a large silver mixing bowl, a used baking sheet with dark speckles, a spoon, a red pepper or food item, and what appears to be a small portion of cooked food in the lower corner. In the lower-left of each frame, a circular picture-in-p",
6d78d9e786b091f878075bd462531a25,144,120,0.2406,0.5023,0.4281,"The video shows an educational slide presentation from a course on ""CRYOGENIC ENGINEERING"" delivered by Prof. M D Atrey, Department of Mechanical Engineering, IIT Bombay. The slide is titled ""Tutorial – 1"" and displays a formula for calculating y, along with a data table showing thermodynamic properties (pressure in bar, temperature in K, enthalpy in J/g, and entropy in J/gK) for four states labeled 1, 2, f, and g. A condition of ε₂ = 0.95 is shown. Across the frames, a numerical calculation is ",
44a7773a320bf3be7ccbd6c6efc00cd8,136,145,0.1748,0.4178,0.3806,"The video takes place in what appears to be a clothing boutique or retail store, with racks of garments, mannequins, and numerous framed photographs covering the walls in the background. A man wearing a dark olive green t-shirt printed with the text ""YOU NEVER DO SHIT AT WORK"" and a matching olive green cap is seated in front of a condenser microphone on a stand, wearing over-ear headphones, suggesting a podcast or interview recording. Throughout the clip, he is actively speaking and gesturing w",
f9ecf8030fae73e934638d8fffaefc1f,135,134,0.1002,0.3755,0.2960,"The video shows a man seated at a podcast microphone in what appears to be a clothing boutique or retail store, with mannequins, racks of colorful garments, and numerous framed photographs covering the walls behind him. He is wearing a dark green baseball cap, matching green T-shirt printed with the text ""YOU NEVER DO SH!T,"" and over-ear Beats headphones. He speaks into a large condenser microphone mounted on a stand, and his facial expression and mouth position shift slightly across the frames ",
f23c64e83137fa79d3f03f9a4a51a3ec,123,136,0.1911,0.4197,0.3926,"The video shows a young man with blonde hair, round wire-framed glasses, and a light mustache, wearing a navy blue t-shirt and white over-ear headphones with a gold chain necklace visible. He is seated in front of a black microphone in what appears to be a podcast or streaming setup. Behind him is a decorative Christmas tree with multicolored lights on the left and a framed poster or sign on the right displaying the number ""20"" alongside what appears to be a sports logo, mounted on a light-color",
2d8b0e6f0d94a2960e581461719b9db2,140,148,0.0765,0.2617,0.2543,"The video shows a virtual meeting captured via video conferencing software, displaying a gallery view of approximately ten participants arranged in a grid. The participants include both men and women of varying ages; one woman wears a blue and white patterned sweater, another person wears a headset with glasses against a yellow background, and several men appear in casual or business-casual attire. Some participant tiles show virtual backgrounds, including an image of a red brick building with a",
173485aa4d9fc6bfc52499252fe0fb18,133,147,0.0609,0.3466,0.2966,"The video takes place in a podcast studio decorated with a dense wall of framed photographs. A man sits at a microphone wearing a white dress shirt, tan suspenders, a red glittery bow tie, glasses, and a striking tall gray wig that rises dramatically above his head; he also wears over-ear headphones. Across the frames, he appears to be speaking animatedly into the large condenser microphone mounted on a stand before him. In the background, a second person in a dark hoodie can be seen moving near",
36f944f7cc3d260e9db9aae1bbd879fb,149,143,0.2979,0.5022,0.3409,"The video shows a man seated inside a car, visible through the open window, wearing a dark maroon vest over a white long-sleeve shirt. He is speaking and gesturing with his right hand, forming an ""OK"" sign with his fingers near his face. An ANI microphone is held up toward him. The broadcast displays breaking news graphics with the text ""BREAKING NEWS"" in bold yellow letters along the bottom. The top banner reads ""नीतीशको तेजस्वी की 'सीधी धमकी'"" in the first frames, and ""2024 में JDU के साथ"" in ",
4bf4d3694d4fa31ce9da15cf4ce241e9,126,143,0.0328,0.2614,0.2590,"The video shows a close-up view of a workbench or workshop surface cluttered with various metal tools and parts, including what appears to be a heavily worn or corroded metal component with a serrated or decorative edge, a C-clamp, a cable or wire, and other hand tools. A long white cylindrical rod or dowel is positioned diagonally across the frame. A person's hand — bare, with visible weathering on the skin — moves in and out of the scene, appearing to adjust or handle items on the surface. The",
4f716d5a7f1c0326695a17eb59e2197e,132,132,0.1490,0.4299,0.3223,"The video shows a man seated and speaking at what appears to be a podcast recording studio. He is wearing a white long-sleeve shirt, tan suspenders, and a red patterned bow tie, along with glasses and over-ear headphones. Most notably, he is wearing a tall, dramatic gray wig that extends high above his head. In front of him is a large black condenser microphone on a stand. The background wall is densely covered with framed photographs. The on-screen text reads ""**BOSS TALK 101**"" and ""**PODCAST*",
d1ab019b78c6e108cca9f510bb6f7e1b,143,151,0.1628,0.4514,0.3399,"The video showcases the interior of a spacious, well-appointed residential home, likely a real estate walkthrough or property tour. No people are present in any of the frames. The home features cream and yellow walls, marble or tile flooring, and decorative stone-clad pillars and partition walls. In the first portion of the clip, a living and dining area is visible, furnished with a brown leather recliner sofa set, a white coffee table atop a red patterned rug, white dining chairs around a dark ",
